id;store_name;store_status;timestamp
1;Wooden pixel;Accounts;2021-05-15T19:54:46
2;intuitive;synthesizing facilitate;2021-05-16T05:58:54
3;Optimized online;Quality-focused Port;2021-05-16T10:09:11
4;Connecticut payment;middleware;2021-05-15T23:55:00
5;COM one-to-one;Devolved Granite system;2021-05-16T13:23:26
6;Jewelery Forward;withdrawal reboot envisioneer;2021-05-15T21:36:40
7;transmit Jewelery Oklahoma;Computer Account South;2021-05-15T19:14:19
8;gold;Rustic channels;2021-05-16T12:05:23
9;actuating;Passage;2021-05-16T06:41:06
10;Pre-emptive navigate;Corporate;2021-05-16T00:47:24
